id;dni;nombre;apellidos;telefono;direccion;edad
1;Card;transform;generating enterprise Surinam;53594;archivo world-class;Madera
2;AGP Savings maximizada;incubate;matrix transmit;16477;transmitter;matrix digital cliente
3;Reactivo;feed;payment Rojo;88476;Bedfordshire;Auto Metal
4;Producto;Azul;Joyería Seguridada Arquitecto;19931;Buckinghamshire;pixel
5;facilitate Pelota;calculating online;Pollo;72737;Funcionalidad Verde;haptic Sopa Metal
6;cultivate sticky;Bedfordshire Account;CSS soporte;1152;Liberian payment monitor;microchip quantify
7;mobile Platinum;Madera Loan Gris;optimize Moda;84476;Andalucía;Lugar
8;Cambridgeshire;Account Avon;optical Somali;97373;navigate eyeballs;Corporativo capacitor Agente
9;primary Account Cambridgeshire;Joyería;incentivize a Public-key;41624;Intranet;Interno
10;Heredado;port Berkshire;Gorro Mejorado Inteligente;49655;Avon Cambridgeshire;Verde Aplicaciones utilize
